Indonesia;Jakarta;Michael
England;Surabaya;Christopher
USA;Semarang;Jessica
Japan;Bandung;Matthew
China;Palembang;Ashley
Russia;Cambridge;Jennifer
Indonesia;York;Joshua
England;Oxford;Amanda
USA;Nottingham;Daniel
Japan;Brighton;David
China;Denver;James
Russia;Austin;Robert
Indonesia;Dallas;John
England;Houston;Joseph
USA;Boston;Andrew
Japan;Tokyo;Ryan
China;Kyoto;Brandon
Russia;Osaka;Jason
Indonesia;Yokohama;Justin
England;Sapporo;Sarah
USA;Beijing;William
Japan;Shanghai;Jonathan
China;Shenzhen;Stephanie
Russia;Tianjin;Brian
Indonesia;Chongqing;Nicole
England;Moscow;Nicholas
USA;St. Petersburg;Anthony
Japan;Kaliningrad;Heather
China;Krasnodar;Eric
Russia;Korenovsk;Elizabeth
Indonesia;Ejmiatsin;Adam
England;Spitak;Megan
USA;Sevan;Melissa
Japan;Masis;Kevin
China;Vanadzor;Steven
Russia;Gavarr;Thomas
Indonesia;Hrazdan;Timothy
England;Armavir;Christina
USA;Gyumri;Kyle
Japan;Ashtarak;Rachel
China;Abovyan;Laura
Russia;Saurimo;Lauren
Indonesia;Lucapa;Amber
England;Sherpur;Brittany
USA;Kishorganj;Danielle
Japan;Manikchari;Richard
China;Mountmend;Kimberly
Russia;Favorsham;Jeffrey
Indonesia;Blackburn;Amy
England;Calchester;Crystal
USA;Silverkeep;Michelle
Japan;Cirrane;Tiffany
China;Irragin;Jeremy
Russia;Braedon;Benjamin
Indonesia;Pavv;Mark
England;Sarton;Emily
Niger;St. Petersburg;Aaron
Namibia;Aerilon;Charles
Vanuatu;Norton;Rebecca
Macao;Colkirk;Jacob
Dominica;Bournemouth;Stephen
Iran;Arkmunster;Patrick
Wallis and Futuna;Lockinge;Sean
Saint Barthelemy;Llaneybyder;Erin
Cocos Islands;Darkwell;Zachary
Eritrea;Aramoor;Jamie
Lesotho;Peltragow;Kelly
Kiribati;Timeston;Samantha
Hong Kong;Tillydrone;Nathan
United Kingdom;Larton;Sara
South Sudan;Firebend;Dustin
Croatia;Ashbourne;Paul
Uganda;Lerwick;Angela
Kuwait;Inverness;Tyler
French Guiana;Aquarine;Scott
Mauritius;Fallholt;Katherine
Niger;Dalmellington;Andrea
Namibia;Calmarnock;Gregory
Vanuatu;Laencaster;Erica
Macao;Aria;Mary
Dominica;Braedwardith;Travis
Iran;Windermere;Lisa
Wallis and Futuna;Anghor Wat;Kenneth
Saint Barthelemy;Dragontail;Bryan
Cocos Islands;Culcheth;Lindsey
Eritrea;Doveport;Kristen
Lesotho;Myrefall;Jose
Kiribati;Aramoor;Alexander
Hong Kong;Middlesborough;Jesse
United Kingdom;Penkurth;Katie
South Sudan;Llyn;Lindsay
Croatia;Berxley;Shannon
Uganda;Domburton;Vanessa
Kuwait;Braedon;Courtney
French Guiana;Ozryn;Christine
Mauritius;Elinmylly;Alicia
Indonesia;Bamborourgh;Cody
England;Oxford;Allison
USA;Nottingham;Bradley
Japan;Brighton;Samuel
